{
  "hash": "5cc57203",
  "configHash": "2223c423",
  "lockfileHash": "f7ad85b1",
  "browserHash": "dd29c8b6",
  "optimized": {
    "@angular/common": {
      "src": "../../../../../../node_modules/@angular/common/fesm2022/common.mjs",
      "file": "@angular_common.js",
      "fileHash": "92f7e457",
      "needsInterop": false
    },
    "@angular/common/http": {
      "src": "../../../../../../node_modules/@angular/common/fesm2022/http.mjs",
      "file": "@angular_common_http.js",
      "fileHash": "49fba72b",
      "needsInterop": false
    },
    "@angular/core": {
      "src": "../../../../../../node_modules/@angular/core/fesm2022/core.mjs",
      "file": "@angular_core.js",
      "fileHash": "2c3c229a",
      "needsInterop": false
    },
    "@angular/forms": {
      "src": "../../../../../../node_modules/@angular/forms/fesm2022/forms.mjs",
      "file": "@angular_forms.js",
      "fileHash": "7000fe87",
      "needsInterop": false
    },
    "@angular/platform-browser": {
      "src": "../../../../../../node_modules/@angular/platform-browser/fesm2022/platform-browser.mjs",
      "file": "@angular_platform-browser.js",
      "fileHash": "f1551e60",
      "needsInterop": false
    },
    "@angular/router": {
      "src": "../../../../../../node_modules/@angular/router/fesm2022/router.mjs",
      "file": "@angular_router.js",
      "fileHash": "61e09156",
      "needsInterop": false
    },
    "rxjs": {
      "src": "../../../../../../node_modules/rxjs/dist/esm5/index.js",
      "file": "rxjs.js",
      "fileHash": "55715f22",
      "needsInterop": false
    }
  },
  "chunks": {
    "chunk-EOTMNODP": {
      "file": "chunk-EOTMNODP.js"
    },
    "chunk-PC2OIILZ": {
      "file": "chunk-PC2OIILZ.js"
    },
    "chunk-3ABHI6XY": {
      "file": "chunk-3ABHI6XY.js"
    },
    "chunk-QMBK7RYN": {
      "file": "chunk-QMBK7RYN.js"
    },
    "chunk-5ZWKBG32": {
      "file": "chunk-5ZWKBG32.js"
    },
    "chunk-S35MAB2V": {
      "file": "chunk-S35MAB2V.js"
    }
  }
}